create table if not exists themes (
  id uuid primary key default gen_random_uuid(),
  user_id uuid,
  name text not null,
  slug text unique not null,
  description text,
  icon text,
  created_at timestamptz not null default now()
);

alter table themes enable row level security;
drop policy if exists "themes_v1_read" on themes;
create policy "themes_v1_read" on themes for select using (true);
drop policy if exists "themes_v1_write" on themes;
create policy "themes_v1_write" on themes for all using (true) with check (true);

create table if not exists affirmations (
  id uuid primary key default gen_random_uuid(),
  user_id uuid,
  theme_id uuid references themes(id),
  day_number int unique not null,
  body text not null,
  created_at timestamptz not null default now()
);

alter table affirmations enable row level security;
drop policy if exists "affirmations_v1_read" on affirmations;
create policy "affirmations_v1_read" on affirmations for select using (true);
drop policy if exists "affirmations_v1_write" on affirmations;
create policy "affirmations_v1_write" on affirmations for all using (true) with check (true);

create table if not exists leads (
  id uuid primary key default gen_random_uuid(),
  user_id uuid,
  email text not null,
  source text,
  converted_at timestamptz,
  created_at timestamptz not null default now(),
  unique(email)
);

alter table leads enable row level security;
drop policy if exists "leads_v1_read" on leads;
create policy "leads_v1_read" on leads for select using (true);
drop policy if exists "leads_v1_write" on leads;
create policy "leads_v1_write" on leads for all using (true) with check (true);

create table if not exists subscriptions (
  id uuid primary key default gen_random_uuid(),
  user_id uuid,
  stripe_customer_id text,
  stripe_session_id text,
  status text not null default 'free',
  started_at timestamptz,
  created_at timestamptz not null default now()
);

alter table subscriptions enable row level security;
drop policy if exists "subscriptions_v1_read" on subscriptions;
create policy "subscriptions_v1_read" on subscriptions for select using (true);
drop policy if exists "subscriptions_v1_write" on subscriptions;
create policy "subscriptions_v1_write" on subscriptions for all using (true) with check (true);

create table if not exists touchpoints (
  id uuid primary key default gen_random_uuid(),
  user_id uuid,
  event_type text not null,
  metadata jsonb,
  created_at timestamptz not null default now()
);

alter table touchpoints enable row level security;
drop policy if exists "touchpoints_v1_read" on touchpoints;
create policy "touchpoints_v1_read" on touchpoints for select using (true);
drop policy if exists "touchpoints_v1_write" on touchpoints;
create policy "touchpoints_v1_write" on touchpoints for all using (true) with check (true);

insert into themes (id, name, slug, description, icon) values
  ('a1000000-0000-0000-0000-000000000001', 'Happiness', 'happiness', 'Cultivate joy and gratitude every day', '😊'),
  ('a1000000-0000-0000-0000-000000000002', 'Abundance', 'abundance', 'Open your mind to prosperity and opportunity', '🌟'),
  ('a1000000-0000-0000-0000-000000000003', 'Work & Career', 'work-and-career', 'Build confidence and purpose in your professional life', '💼'),
  ('a1000000-0000-0000-0000-000000000004', 'Health & Wellbeing', 'health-and-wellbeing', 'Honour your body and nurture your energy', '🌿'),
  ('a1000000-0000-0000-0000-000000000005', 'Love & Relations', 'love-and-relations', 'Deepen connection and give and receive love freely', '❤️'),
  ('a1000000-0000-0000-0000-000000000006', 'Self-Confidence', 'self-confidence', 'Stand tall and trust your own voice', '🦁'),
  ('a1000000-0000-0000-0000-000000000007', 'Peace of Mind', 'peace-of-mind', 'Release worry and return to stillness', '🕊️')
on conflict (slug) do nothing;

insert into affirmations (theme_id, day_number, body) values
  ('a1000000-0000-0000-0000-000000000001', 1, 'I choose joy in this present moment.'),
  ('a1000000-0000-0000-0000-000000000002', 2, 'I open myself to the abundance flowing toward me.'),
  ('a1000000-0000-0000-0000-000000000003', 3, 'I bring focus and purpose to my work.'),
  ('a1000000-0000-0000-0000-000000000004', 4, 'I honour my body with rest and good care.'),
  ('a1000000-0000-0000-0000-000000000005', 5, 'I give and receive love with an open heart.'),
  ('a1000000-0000-0000-0000-000000000006', 6, 'I trust my own voice and stand tall.'),
  ('a1000000-0000-0000-0000-000000000007', 7, 'I release what I cannot control.'),
  ('a1000000-0000-0000-0000-000000000001', 8, 'Today I choose joy in this present moment.'),
  ('a1000000-0000-0000-0000-000000000002', 9, 'Today I open myself to the abundance flowing toward me.'),
  ('a1000000-0000-0000-0000-000000000003', 10, 'Today I bring focus and purpose to my work.'),
  ('a1000000-0000-0000-0000-000000000004', 11, 'Today I honour my body with rest and good care.'),
  ('a1000000-0000-0000-0000-000000000005', 12, 'Today I give and receive love with an open heart.'),
  ('a1000000-0000-0000-0000-000000000006', 13, 'Today I trust my own voice and stand tall.'),
  ('a1000000-0000-0000-0000-000000000007', 14, 'Today I release what I cannot control.'),
  ('a1000000-0000-0000-0000-000000000001', 15, 'Right now I choose joy in this present moment.'),
  ('a1000000-0000-0000-0000-000000000002', 16, 'Right now I open myself to the abundance flowing toward me.'),
  ('a1000000-0000-0000-0000-000000000003', 17, 'Right now I bring focus and purpose to my work.'),
  ('a1000000-0000-0000-0000-000000000004', 18, 'Right now I honour my body with rest and good care.'),
  ('a1000000-0000-0000-0000-000000000005', 19, 'Right now I give and receive love with an open heart.'),
  ('a1000000-0000-0000-0000-000000000006', 20, 'Right now I trust my own voice and stand tall.'),
  ('a1000000-0000-0000-0000-000000000007', 21, 'Right now I release what I cannot control.'),
  ('a1000000-0000-0000-0000-000000000001', 22, 'Each morning I choose joy in this present moment.'),
  ('a1000000-0000-0000-0000-000000000002', 23, 'Each morning I open myself to the abundance flowing toward me.'),
  ('a1000000-0000-0000-0000-000000000003', 24, 'Each morning I bring focus and purpose to my work.'),
  ('a1000000-0000-0000-0000-000000000004', 25, 'Each morning I honour my body with rest and good care.'),
  ('a1000000-0000-0000-0000-000000000005', 26, 'Each morning I give and receive love with an open heart.'),
  ('a1000000-0000-0000-0000-000000000006', 27, 'Each morning I trust my own voice and stand tall.'),
  ('a1000000-0000-0000-0000-000000000007', 28, 'Each morning I release what I cannot control.'),
  ('a1000000-0000-0000-0000-000000000001', 29, 'With an open heart I choose joy in this present moment.'),
  ('a1000000-0000-0000-0000-000000000002', 30, 'With an open heart I open myself to the abundance flowing toward me.'),
  ('a1000000-0000-0000-0000-000000000003', 31, 'With an open heart I bring focus and purpose to my work.'),
  ('a1000000-0000-0000-0000-000000000004', 32, 'With an open heart I honour my body with rest and good care.'),
  ('a1000000-0000-0000-0000-000000000005', 33, 'With an open heart I give and receive love with an open heart.'),
  ('a1000000-0000-0000-0000-000000000006', 34, 'With an open heart I trust my own voice and stand tall.'),
  ('a1000000-0000-0000-0000-000000000007', 35, 'With an open heart I release what I cannot control.'),
  ('a1000000-0000-0000-0000-000000000001', 36, 'More and more I choose joy in this present moment.'),
  ('a1000000-0000-0000-0000-000000000002', 37, 'More and more I open myself to the abundance flowing toward me.'),
  ('a1000000-0000-0000-0000-000000000003', 38, 'More and more I bring focus and purpose to my work.'),
  ('a1000000-0000-0000-0000-000000000004', 39, 'More and more I honour my body with rest and good care.'),
  ('a1000000-0000-0000-0000-000000000005', 40, 'More and more I give and receive love with an open heart.'),
  ('a1000000-0000-0000-0000-000000000006', 41, 'More and more I trust my own voice and stand tall.'),
  ('a1000000-0000-0000-0000-000000000007', 42, 'More and more I release what I cannot control.'),
  ('a1000000-0000-0000-0000-000000000001', 43, 'Gently and surely I choose joy in this present moment.'),
  ('a1000000-0000-0000-0000-000000000002', 44, 'Gently and surely I open myself to the abundance flowing toward me.'),
  ('a1000000-0000-0000-0000-000000000003', 45, 'Gently and surely I bring focus and purpose to my work.'),
  ('a1000000-0000-0000-0000-000000000004', 46, 'Gently and surely I honour my body with rest and good care.'),
  ('a1000000-0000-0000-0000-000000000005', 47, 'Gently and surely I give and receive love with an open heart.'),
  ('a1000000-0000-0000-0000-000000000006', 48, 'Gently and surely I trust my own voice and stand tall.'),
  ('a1000000-0000-0000-0000-000000000007', 49, 'Gently and surely I release what I cannot control.'),
  ('a1000000-0000-0000-0000-000000000001', 50, 'Day by day I choose joy in this present moment.'),
  ('a1000000-0000-0000-0000-000000000002', 51, 'Day by day I open myself to the abundance flowing toward me.'),
  ('a1000000-0000-0000-0000-000000000003', 52, 'Day by day I bring focus and purpose to my work.'),
  ('a1000000-0000-0000-0000-000000000004', 53, 'Day by day I honour my body with rest and good care.'),
  ('a1000000-0000-0000-0000-000000000005', 54, 'Day by day I give and receive love with an open heart.'),
  ('a1000000-0000-0000-0000-000000000006', 55, 'Day by day I trust my own voice and stand tall.'),
  ('a1000000-0000-0000-0000-000000000007', 56, 'Day by day I release what I cannot control.'),
  ('a1000000-0000-0000-0000-000000000001', 57, 'I let gratitude colour everything I see.'),
  ('a1000000-0000-0000-0000-000000000002', 58, 'I trust that there is more than enough for me.'),
  ('a1000000-0000-0000-0000-000000000003', 59, 'I trust my skills to meet today''s challenges.'),
  ('a1000000-0000-0000-0000-000000000004', 60, 'I fill my lungs with calm, restoring breath.'),
  ('a1000000-0000-0000-0000-000000000005', 61, 'I meet the people in my life with warmth.'),
  ('a1000000-0000-0000-0000-000000000006', 62, 'I believe in my ability to handle whatever comes.'),
  ('a1000000-0000-0000-0000-000000000007', 63, 'I return to the quiet steadiness within me.'),
  ('a1000000-0000-0000-0000-000000000001', 64, 'Today I let gratitude colour everything I see.'),
  ('a1000000-0000-0000-0000-000000000002', 65, 'Today I trust that there is more than enough for me.'),
  ('a1000000-0000-0000-0000-000000000003', 66, 'Today I trust my skills to meet today''s challenges.'),
  ('a1000000-0000-0000-0000-000000000004', 67, 'Today I fill my lungs with calm, restoring breath.'),
  ('a1000000-0000-0000-0000-000000000005', 68, 'Today I meet the people in my life with warmth.'),
  ('a1000000-0000-0000-0000-000000000006', 69, 'Today I believe in my ability to handle whatever comes.'),
  ('a1000000-0000-0000-0000-000000000007', 70, 'Today I return to the quiet steadiness within me.'),
  ('a1000000-0000-0000-0000-000000000001', 71, 'Right now I let gratitude colour everything I see.'),
  ('a1000000-0000-0000-0000-000000000002', 72, 'Right now I trust that there is more than enough for me.'),
  ('a1000000-0000-0000-0000-000000000003', 73, 'Right now I trust my skills to meet today''s challenges.'),
  ('a1000000-0000-0000-0000-000000000004', 74, 'Right now I fill my lungs with calm, restoring breath.'),
  ('a1000000-0000-0000-0000-000000000005', 75, 'Right now I meet the people in my life with warmth.'),
  ('a1000000-0000-0000-0000-000000000006', 76, 'Right now I believe in my ability to handle whatever comes.'),
  ('a1000000-0000-0000-0000-000000000007', 77, 'Right now I return to the quiet steadiness within me.'),
  ('a1000000-0000-0000-0000-000000000001', 78, 'Each morning I let gratitude colour everything I see.'),
  ('a1000000-0000-0000-0000-000000000002', 79, 'Each morning I trust that there is more than enough for me.'),
  ('a1000000-0000-0000-0000-000000000003', 80, 'Each morning I trust my skills to meet today''s challenges.'),
  ('a1000000-0000-0000-0000-000000000004', 81, 'Each morning I fill my lungs with calm, restoring breath.'),
  ('a1000000-0000-0000-0000-000000000005', 82, 'Each morning I meet the people in my life with warmth.'),
  ('a1000000-0000-0000-0000-000000000006', 83, 'Each morning I believe in my ability to handle whatever comes.'),
  ('a1000000-0000-0000-0000-000000000007', 84, 'Each morning I return to the quiet steadiness within me.'),
  ('a1000000-0000-0000-0000-000000000001', 85, 'With an open heart I let gratitude colour everything I see.'),
  ('a1000000-0000-0000-0000-000000000002', 86, 'With an open heart I trust that there is more than enough for me.'),
  ('a1000000-0000-0000-0000-000000000003', 87, 'With an open heart I trust my skills to meet today''s challenges.'),
  ('a1000000-0000-0000-0000-000000000004', 88, 'With an open heart I fill my lungs with calm, restoring breath.'),
  ('a1000000-0000-0000-0000-000000000005', 89, 'With an open heart I meet the people in my life with warmth.'),
  ('a1000000-0000-0000-0000-000000000006', 90, 'With an open heart I believe in my ability to handle whatever comes.'),
  ('a1000000-0000-0000-0000-000000000007', 91, 'With an open heart I return to the quiet steadiness within me.'),
  ('a1000000-0000-0000-0000-000000000001', 92, 'More and more I let gratitude colour everything I see.'),
  ('a1000000-0000-0000-0000-000000000002', 93, 'More and more I trust that there is more than enough for me.'),
  ('a1000000-0000-0000-0000-000000000003', 94, 'More and more I trust my skills to meet today''s challenges.'),
  ('a1000000-0000-0000-0000-000000000004', 95, 'More and more I fill my lungs with calm, restoring breath.'),
  ('a1000000-0000-0000-0000-000000000005', 96, 'More and more I meet the people in my life with warmth.'),
  ('a1000000-0000-0000-0000-000000000006', 97, 'More and more I believe in my ability to handle whatever comes.'),
  ('a1000000-0000-0000-0000-000000000007', 98, 'More and more I return to the quiet steadiness within me.'),
  ('a1000000-0000-0000-0000-000000000001', 99, 'Gently and surely I let gratitude colour everything I see.'),
  ('a1000000-0000-0000-0000-000000000002', 100, 'Gently and surely I trust that there is more than enough for me.'),
  ('a1000000-0000-0000-0000-000000000003', 101, 'Gently and surely I trust my skills to meet today''s challenges.'),
  ('a1000000-0000-0000-0000-000000000004', 102, 'Gently and surely I fill my lungs with calm, restoring breath.'),
  ('a1000000-0000-0000-0000-000000000005', 103, 'Gently and surely I meet the people in my life with warmth.'),
  ('a1000000-0000-0000-0000-000000000006', 104, 'Gently and surely I believe in my ability to handle whatever comes.'),
  ('a1000000-0000-0000-0000-000000000007', 105, 'Gently and surely I return to the quiet steadiness within me.'),
  ('a1000000-0000-0000-0000-000000000001', 106, 'Day by day I let gratitude colour everything I see.'),
  ('a1000000-0000-0000-0000-000000000002', 107, 'Day by day I trust that there is more than enough for me.'),
  ('a1000000-0000-0000-0000-000000000003', 108, 'Day by day I trust my skills to meet today''s challenges.'),
  ('a1000000-0000-0000-0000-000000000004', 109, 'Day by day I fill my lungs with calm, restoring breath.'),
  ('a1000000-0000-0000-0000-000000000005', 110, 'Day by day I meet the people in my life with warmth.'),
  ('a1000000-0000-0000-0000-000000000006', 111, 'Day by day I believe in my ability to handle whatever comes.'),
  ('a1000000-0000-0000-0000-000000000007', 112, 'Day by day I return to the quiet steadiness within me.'),
  ('a1000000-0000-0000-0000-000000000001', 113, 'I welcome happiness as my natural state.'),
  ('a1000000-0000-0000-0000-000000000002', 114, 'I attract opportunity with a generous mind.'),
  ('a1000000-0000-0000-0000-000000000003', 115, 'I turn effort into meaningful progress.'),
  ('a1000000-0000-0000-0000-000000000004', 116, 'I treat my body as the home that carries me.'),
  ('a1000000-0000-0000-0000-000000000005', 117, 'I let myself be seen and truly known.'),
  ('a1000000-0000-0000-0000-000000000006', 118, 'I honour my worth without needing approval.'),
  ('a1000000-0000-0000-0000-000000000007', 119, 'I let my thoughts settle like calm water.'),
  ('a1000000-0000-0000-0000-000000000001', 120, 'Today I welcome happiness as my natural state.'),
  ('a1000000-0000-0000-0000-000000000002', 121, 'Today I attract opportunity with a generous mind.'),
  ('a1000000-0000-0000-0000-000000000003', 122, 'Today I turn effort into meaningful progress.'),
  ('a1000000-0000-0000-0000-000000000004', 123, 'Today I treat my body as the home that carries me.'),
  ('a1000000-0000-0000-0000-000000000005', 124, 'Today I let myself be seen and truly known.'),
  ('a1000000-0000-0000-0000-000000000006', 125, 'Today I honour my worth without needing approval.'),
  ('a1000000-0000-0000-0000-000000000007', 126, 'Today I let my thoughts settle like calm water.'),
  ('a1000000-0000-0000-0000-000000000001', 127, 'Right now I welcome happiness as my natural state.'),
  ('a1000000-0000-0000-0000-000000000002', 128, 'Right now I attract opportunity with a generous mind.'),
  ('a1000000-0000-0000-0000-000000000003', 129, 'Right now I turn effort into meaningful progress.'),
  ('a1000000-0000-0000-0000-000000000004', 130, 'Right now I treat my body as the home that carries me.'),
  ('a1000000-0000-0000-0000-000000000005', 131, 'Right now I let myself be seen and truly known.'),
  ('a1000000-0000-0000-0000-000000000006', 132, 'Right now I honour my worth without needing approval.'),
  ('a1000000-0000-0000-0000-000000000007', 133, 'Right now I let my thoughts settle like calm water.'),
  ('a1000000-0000-0000-0000-000000000001', 134, 'Each morning I welcome happiness as my natural state.'),
  ('a1000000-0000-0000-0000-000000000002', 135, 'Each morning I attract opportunity with a generous mind.'),
  ('a1000000-0000-0000-0000-000000000003', 136, 'Each morning I turn effort into meaningful progress.'),
  ('a1000000-0000-0000-0000-000000000004', 137, 'Each morning I treat my body as the home that carries me.'),
  ('a1000000-0000-0000-0000-000000000005', 138, 'Each morning I let myself be seen and truly known.'),
  ('a1000000-0000-0000-0000-000000000006', 139, 'Each morning I honour my worth without needing approval.'),
  ('a1000000-0000-0000-0000-000000000007', 140, 'Each morning I let my thoughts settle like calm water.'),
  ('a1000000-0000-0000-0000-000000000001', 141, 'With an open heart I welcome happiness as my natural state.'),
  ('a1000000-0000-0000-0000-000000000002', 142, 'With an open heart I attract opportunity with a generous mind.'),
  ('a1000000-0000-0000-0000-000000000003', 143, 'With an open heart I turn effort into meaningful progress.'),
  ('a1000000-0000-0000-0000-000000000004', 144, 'With an open heart I treat my body as the home that carries me.'),
  ('a1000000-0000-0000-0000-000000000005', 145, 'With an open heart I let myself be seen and truly known.'),
  ('a1000000-0000-0000-0000-000000000006', 146, 'With an open heart I honour my worth without needing approval.'),
  ('a1000000-0000-0000-0000-000000000007', 147, 'With an open heart I let my thoughts settle like calm water.'),
  ('a1000000-0000-0000-0000-000000000001', 148, 'More and more I welcome happiness as my natural state.'),
  ('a1000000-0000-0000-0000-000000000002', 149, 'More and more I attract opportunity with a generous mind.'),
  ('a1000000-0000-0000-0000-000000000003', 150, 'More and more I turn effort into meaningful progress.'),
  ('a1000000-0000-0000-0000-000000000004', 151, 'More and more I treat my body as the home that carries me.'),
  ('a1000000-0000-0000-0000-000000000005', 152, 'More and more I let myself be seen and truly known.'),
  ('a1000000-0000-0000-0000-000000000006', 153, 'More and more I honour my worth without needing approval.'),
  ('a1000000-0000-0000-0000-000000000007', 154, 'More and more I let my thoughts settle like calm water.'),
  ('a1000000-0000-0000-0000-000000000001', 155, 'Gently and surely I welcome happiness as my natural state.'),
  ('a1000000-0000-0000-0000-000000000002', 156, 'Gently and surely I attract opportunity with a generous mind.'),
  ('a1000000-0000-0000-0000-000000000003', 157, 'Gently and surely I turn effort into meaningful progress.'),
  ('a1000000-0000-0000-0000-000000000004', 158, 'Gently and surely I treat my body as the home that carries me.'),
  ('a1000000-0000-0000-0000-000000000005', 159, 'Gently and surely I let myself be seen and truly known.'),
  ('a1000000-0000-0000-0000-000000000006', 160, 'Gently and surely I honour my worth without needing approval.'),
  ('a1000000-0000-0000-0000-000000000007', 161, 'Gently and surely I let my thoughts settle like calm water.'),
  ('a1000000-0000-0000-0000-000000000001', 162, 'Day by day I welcome happiness as my natural state.'),
  ('a1000000-0000-0000-0000-000000000002', 163, 'Day by day I attract opportunity with a generous mind.'),
  ('a1000000-0000-0000-0000-000000000003', 164, 'Day by day I turn effort into meaningful progress.'),
  ('a1000000-0000-0000-0000-000000000004', 165, 'Day by day I treat my body as the home that carries me.'),
  ('a1000000-0000-0000-0000-000000000005', 166, 'Day by day I let myself be seen and truly known.'),
  ('a1000000-0000-0000-0000-000000000006', 167, 'Day by day I honour my worth without needing approval.'),
  ('a1000000-0000-0000-0000-000000000007', 168, 'Day by day I let my thoughts settle like calm water.'),
  ('a1000000-0000-0000-0000-000000000001', 169, 'I find delight in the smallest of things.'),
  ('a1000000-0000-0000-0000-000000000002', 170, 'I receive prosperity with ease and gratitude.'),
  ('a1000000-0000-0000-0000-000000000003', 171, 'I lead with clarity and quiet confidence.'),
  ('a1000000-0000-0000-0000-000000000004', 172, 'I choose nourishment that gives me energy.'),
  ('a1000000-0000-0000-0000-000000000005', 173, 'I forgive easily and hold connection tenderly.'),
  ('a1000000-0000-0000-0000-000000000006', 174, 'I step forward even when I feel uncertain.'),
  ('a1000000-0000-0000-0000-000000000007', 175, 'I breathe out worry and breathe in stillness.'),
  ('a1000000-0000-0000-0000-000000000001', 176, 'Today I find delight in the smallest of things.'),
  ('a1000000-0000-0000-0000-000000000002', 177, 'Today I receive prosperity with ease and gratitude.'),
  ('a1000000-0000-0000-0000-000000000003', 178, 'Today I lead with clarity and quiet confidence.'),
  ('a1000000-0000-0000-0000-000000000004', 179, 'Today I choose nourishment that gives me energy.'),
  ('a1000000-0000-0000-0000-000000000005', 180, 'Today I forgive easily and hold connection tenderly.'),
  ('a1000000-0000-0000-0000-000000000006', 181, 'Today I step forward even when I feel uncertain.'),
  ('a1000000-0000-0000-0000-000000000007', 182, 'Today I breathe out worry and breathe in stillness.'),
  ('a1000000-0000-0000-0000-000000000001', 183, 'Right now I find delight in the smallest of things.'),
  ('a1000000-0000-0000-0000-000000000002', 184, 'Right now I receive prosperity with ease and gratitude.'),
  ('a1000000-0000-0000-0000-000000000003', 185, 'Right now I lead with clarity and quiet confidence.'),
  ('a1000000-0000-0000-0000-000000000004', 186, 'Right now I choose nourishment that gives me energy.'),
  ('a1000000-0000-0000-0000-000000000005', 187, 'Right now I forgive easily and hold connection tenderly.'),
  ('a1000000-0000-0000-0000-000000000006', 188, 'Right now I step forward even when I feel uncertain.'),
  ('a1000000-0000-0000-0000-000000000007', 189, 'Right now I breathe out worry and breathe in stillness.'),
  ('a1000000-0000-0000-0000-000000000001', 190, 'Each morning I find delight in the smallest of things.'),
  ('a1000000-0000-0000-0000-000000000002', 191, 'Each morning I receive prosperity with ease and gratitude.'),
  ('a1000000-0000-0000-0000-000000000003', 192, 'Each morning I lead with clarity and quiet confidence.'),
  ('a1000000-0000-0000-0000-000000000004', 193, 'Each morning I choose nourishment that gives me energy.'),
  ('a1000000-0000-0000-0000-000000000005', 194, 'Each morning I forgive easily and hold connection tenderly.'),
  ('a1000000-0000-0000-0000-000000000006', 195, 'Each morning I step forward even when I feel uncertain.'),
  ('a1000000-0000-0000-0000-000000000007', 196, 'Each morning I breathe out worry and breathe in stillness.'),
  ('a1000000-0000-0000-0000-000000000001', 197, 'With an open heart I find delight in the smallest of things.'),
  ('a1000000-0000-0000-0000-000000000002', 198, 'With an open heart I receive prosperity with ease and gratitude.'),
  ('a1000000-0000-0000-0000-000000000003', 199, 'With an open heart I lead with clarity and quiet confidence.'),
  ('a1000000-0000-0000-0000-000000000004', 200, 'With an open heart I choose nourishment that gives me energy.'),
  ('a1000000-0000-0000-0000-000000000005', 201, 'With an open heart I forgive easily and hold connection tenderly.'),
  ('a1000000-0000-0000-0000-000000000006', 202, 'With an open heart I step forward even when I feel uncertain.'),
  ('a1000000-0000-0000-0000-000000000007', 203, 'With an open heart I breathe out worry and breathe in stillness.'),
  ('a1000000-0000-0000-0000-000000000001', 204, 'More and more I find delight in the smallest of things.'),
  ('a1000000-0000-0000-0000-000000000002', 205, 'More and more I receive prosperity with ease and gratitude.'),
  ('a1000000-0000-0000-0000-000000000003', 206, 'More and more I lead with clarity and quiet confidence.'),
  ('a1000000-0000-0000-0000-000000000004', 207, 'More and more I choose nourishment that gives me energy.'),
  ('a1000000-0000-0000-0000-000000000005', 208, 'More and more I forgive easily and hold connection tenderly.'),
  ('a1000000-0000-0000-0000-000000000006', 209, 'More and more I step forward even when I feel uncertain.'),
  ('a1000000-0000-0000-0000-000000000007', 210, 'More and more I breathe out worry and breathe in stillness.'),
  ('a1000000-0000-0000-0000-000000000001', 211, 'Gently and surely I find delight in the smallest of things.'),
  ('a1000000-0000-0000-0000-000000000002', 212, 'Gently and surely I receive prosperity with ease and gratitude.'),
  ('a1000000-0000-0000-0000-000000000003', 213, 'Gently and surely I lead with clarity and quiet confidence.'),
  ('a1000000-0000-0000-0000-000000000004', 214, 'Gently and surely I choose nourishment that gives me energy.'),
  ('a1000000-0000-0000-0000-000000000005', 215, 'Gently and surely I forgive easily and hold connection tenderly.'),
  ('a1000000-0000-0000-0000-000000000006', 216, 'Gently and surely I step forward even when I feel uncertain.'),
  ('a1000000-0000-0000-0000-000000000007', 217, 'Gently and surely I breathe out worry and breathe in stillness.'),
  ('a1000000-0000-0000-0000-000000000001', 218, 'Day by day I find delight in the smallest of things.'),
  ('a1000000-0000-0000-0000-000000000002', 219, 'Day by day I receive prosperity with ease and gratitude.'),
  ('a1000000-0000-0000-0000-000000000003', 220, 'Day by day I lead with clarity and quiet confidence.'),
  ('a1000000-0000-0000-0000-000000000004', 221, 'Day by day I choose nourishment that gives me energy.'),
  ('a1000000-0000-0000-0000-000000000005', 222, 'Day by day I forgive easily and hold connection tenderly.'),
  ('a1000000-0000-0000-0000-000000000006', 223, 'Day by day I step forward even when I feel uncertain.'),
  ('a1000000-0000-0000-0000-000000000007', 224, 'Day by day I breathe out worry and breathe in stillness.'),
  ('a1000000-0000-0000-0000-000000000001', 225, 'I carry a lightness that lifts those around me.'),
  ('a1000000-0000-0000-0000-000000000002', 226, 'I recognise the wealth already present in my life.'),
  ('a1000000-0000-0000-0000-000000000003', 227, 'I learn something valuable from every task.'),
  ('a1000000-0000-0000-0000-000000000004', 228, 'I move in ways that make me feel alive.'),
  ('a1000000-0000-0000-0000-000000000005', 229, 'I attract relationships that nourish my spirit.'),
  ('a1000000-0000-0000-0000-000000000006', 230, 'I speak my truth with steady courage.'),
  ('a1000000-0000-0000-0000-000000000007', 231, 'I find peace in this single present moment.'),
  ('a1000000-0000-0000-0000-000000000001', 232, 'Today I carry a lightness that lifts those around me.'),
  ('a1000000-0000-0000-0000-000000000002', 233, 'Today I recognise the wealth already present in my life.'),
  ('a1000000-0000-0000-0000-000000000003', 234, 'Today I learn something valuable from every task.'),
  ('a1000000-0000-0000-0000-000000000004', 235, 'Today I move in ways that make me feel alive.'),
  ('a1000000-0000-0000-0000-000000000005', 236, 'Today I attract relationships that nourish my spirit.'),
  ('a1000000-0000-0000-0000-000000000006', 237, 'Today I speak my truth with steady courage.'),
  ('a1000000-0000-0000-0000-000000000007', 238, 'Today I find peace in this single present moment.'),
  ('a1000000-0000-0000-0000-000000000001', 239, 'Right now I carry a lightness that lifts those around me.'),
  ('a1000000-0000-0000-0000-000000000002', 240, 'Right now I recognise the wealth already present in my life.'),
  ('a1000000-0000-0000-0000-000000000003', 241, 'Right now I learn something valuable from every task.'),
  ('a1000000-0000-0000-0000-000000000004', 242, 'Right now I move in ways that make me feel alive.'),
  ('a1000000-0000-0000-0000-000000000005', 243, 'Right now I attract relationships that nourish my spirit.'),
  ('a1000000-0000-0000-0000-000000000006', 244, 'Right now I speak my truth with steady courage.'),
  ('a1000000-0000-0000-0000-000000000007', 245, 'Right now I find peace in this single present moment.'),
  ('a1000000-0000-0000-0000-000000000001', 246, 'Each morning I carry a lightness that lifts those around me.'),
  ('a1000000-0000-0000-0000-000000000002', 247, 'Each morning I recognise the wealth already present in my life.'),
  ('a1000000-0000-0000-0000-000000000003', 248, 'Each morning I learn something valuable from every task.'),
  ('a1000000-0000-0000-0000-000000000004', 249, 'Each morning I move in ways that make me feel alive.'),
  ('a1000000-0000-0000-0000-000000000005', 250, 'Each morning I attract relationships that nourish my spirit.'),
  ('a1000000-0000-0000-0000-000000000006', 251, 'Each morning I speak my truth with steady courage.'),
  ('a1000000-0000-0000-0000-000000000007', 252, 'Each morning I find peace in this single present moment.'),
  ('a1000000-0000-0000-0000-000000000001', 253, 'With an open heart I carry a lightness that lifts those around me.'),
  ('a1000000-0000-0000-0000-000000000002', 254, 'With an open heart I recognise the wealth already present in my life.'),
  ('a1000000-0000-0000-0000-000000000003', 255, 'With an open heart I learn something valuable from every task.'),
  ('a1000000-0000-0000-0000-000000000004', 256, 'With an open heart I move in ways that make me feel alive.'),
  ('a1000000-0000-0000-0000-000000000005', 257, 'With an open heart I attract relationships that nourish my spirit.'),
  ('a1000000-0000-0000-0000-000000000006', 258, 'With an open heart I speak my truth with steady courage.'),
  ('a1000000-0000-0000-0000-000000000007', 259, 'With an open heart I find peace in this single present moment.'),
  ('a1000000-0000-0000-0000-000000000001', 260, 'More and more I carry a lightness that lifts those around me.'),
  ('a1000000-0000-0000-0000-000000000002', 261, 'More and more I recognise the wealth already present in my life.'),
  ('a1000000-0000-0000-0000-000000000003', 262, 'More and more I learn something valuable from every task.'),
  ('a1000000-0000-0000-0000-000000000004', 263, 'More and more I move in ways that make me feel alive.'),
  ('a1000000-0000-0000-0000-000000000005', 264, 'More and more I attract relationships that nourish my spirit.'),
  ('a1000000-0000-0000-0000-000000000006', 265, 'More and more I speak my truth with steady courage.'),
  ('a1000000-0000-0000-0000-000000000007', 266, 'More and more I find peace in this single present moment.'),
  ('a1000000-0000-0000-0000-000000000001', 267, 'Gently and surely I carry a lightness that lifts those around me.'),
  ('a1000000-0000-0000-0000-000000000002', 268, 'Gently and surely I recognise the wealth already present in my life.'),
  ('a1000000-0000-0000-0000-000000000003', 269, 'Gently and surely I learn something valuable from every task.'),
  ('a1000000-0000-0000-0000-000000000004', 270, 'Gently and surely I move in ways that make me feel alive.'),
  ('a1000000-0000-0000-0000-000000000005', 271, 'Gently and surely I attract relationships that nourish my spirit.'),
  ('a1000000-0000-0000-0000-000000000006', 272, 'Gently and surely I speak my truth with steady courage.'),
  ('a1000000-0000-0000-0000-000000000007', 273, 'Gently and surely I find peace in this single present moment.'),
  ('a1000000-0000-0000-0000-000000000001', 274, 'Day by day I carry a lightness that lifts those around me.'),
  ('a1000000-0000-0000-0000-000000000002', 275, 'Day by day I recognise the wealth already present in my life.'),
  ('a1000000-0000-0000-0000-000000000003', 276, 'Day by day I learn something valuable from every task.'),
  ('a1000000-0000-0000-0000-000000000004', 277, 'Day by day I move in ways that make me feel alive.'),
  ('a1000000-0000-0000-0000-000000000005', 278, 'Day by day I attract relationships that nourish my spirit.'),
  ('a1000000-0000-0000-0000-000000000006', 279, 'Day by day I speak my truth with steady courage.'),
  ('a1000000-0000-0000-0000-000000000007', 280, 'Day by day I find peace in this single present moment.'),
  ('a1000000-0000-0000-0000-000000000001', 281, 'I greet the day with a genuine smile.'),
  ('a1000000-0000-0000-0000-000000000002', 282, 'I make room for good fortune to arrive.'),
  ('a1000000-0000-0000-0000-000000000003', 283, 'I create work I am proud to put my name on.'),
  ('a1000000-0000-0000-0000-000000000004', 284, 'I listen to what my body gently asks for.'),
  ('a1000000-0000-0000-0000-000000000005', 285, 'I speak to those I love with patience and care.'),
  ('a1000000-0000-0000-0000-000000000006', 286, 'I celebrate how far I have already come.'),
  ('a1000000-0000-0000-0000-000000000007', 287, 'I let go of the day''s noise with ease.'),
  ('a1000000-0000-0000-0000-000000000001', 288, 'Today I greet the day with a genuine smile.'),
  ('a1000000-0000-0000-0000-000000000002', 289, 'Today I make room for good fortune to arrive.'),
  ('a1000000-0000-0000-0000-000000000003', 290, 'Today I create work I am proud to put my name on.'),
  ('a1000000-0000-0000-0000-000000000004', 291, 'Today I listen to what my body gently asks for.'),
  ('a1000000-0000-0000-0000-000000000005', 292, 'Today I speak to those I love with patience and care.'),
  ('a1000000-0000-0000-0000-000000000006', 293, 'Today I celebrate how far I have already come.'),
  ('a1000000-0000-0000-0000-000000000007', 294, 'Today I let go of the day''s noise with ease.'),
  ('a1000000-0000-0000-0000-000000000001', 295, 'Right now I greet the day with a genuine smile.'),
  ('a1000000-0000-0000-0000-000000000002', 296, 'Right now I make room for good fortune to arrive.'),
  ('a1000000-0000-0000-0000-000000000003', 297, 'Right now I create work I am proud to put my name on.'),
  ('a1000000-0000-0000-0000-000000000004', 298, 'Right now I listen to what my body gently asks for.'),
  ('a1000000-0000-0000-0000-000000000005', 299, 'Right now I speak to those I love with patience and care.'),
  ('a1000000-0000-0000-0000-000000000006', 300, 'Right now I celebrate how far I have already come.'),
  ('a1000000-0000-0000-0000-000000000007', 301, 'Right now I let go of the day''s noise with ease.'),
  ('a1000000-0000-0000-0000-000000000001', 302, 'Each morning I greet the day with a genuine smile.'),
  ('a1000000-0000-0000-0000-000000000002', 303, 'Each morning I make room for good fortune to arrive.'),
  ('a1000000-0000-0000-0000-000000000003', 304, 'Each morning I create work I am proud to put my name on.'),
  ('a1000000-0000-0000-0000-000000000004', 305, 'Each morning I listen to what my body gently asks for.'),
  ('a1000000-0000-0000-0000-000000000005', 306, 'Each morning I speak to those I love with patience and care.'),
  ('a1000000-0000-0000-0000-000000000006', 307, 'Each morning I celebrate how far I have already come.'),
  ('a1000000-0000-0000-0000-000000000007', 308, 'Each morning I let go of the day''s noise with ease.'),
  ('a1000000-0000-0000-0000-000000000001', 309, 'With an open heart I greet the day with a genuine smile.'),
  ('a1000000-0000-0000-0000-000000000002', 310, 'With an open heart I make room for good fortune to arrive.'),
  ('a1000000-0000-0000-0000-000000000003', 311, 'With an open heart I create work I am proud to put my name on.'),
  ('a1000000-0000-0000-0000-000000000004', 312, 'With an open heart I listen to what my body gently asks for.'),
  ('a1000000-0000-0000-0000-000000000005', 313, 'With an open heart I speak to those I love with patience and care.'),
  ('a1000000-0000-0000-0000-000000000006', 314, 'With an open heart I celebrate how far I have already come.'),
  ('a1000000-0000-0000-0000-000000000007', 315, 'With an open heart I let go of the day''s noise with ease.'),
  ('a1000000-0000-0000-0000-000000000001', 316, 'More and more I greet the day with a genuine smile.'),
  ('a1000000-0000-0000-0000-000000000002', 317, 'More and more I make room for good fortune to arrive.'),
  ('a1000000-0000-0000-0000-000000000003', 318, 'More and more I create work I am proud to put my name on.'),
  ('a1000000-0000-0000-0000-000000000004', 319, 'More and more I listen to what my body gently asks for.'),
  ('a1000000-0000-0000-0000-000000000005', 320, 'More and more I speak to those I love with patience and care.'),
  ('a1000000-0000-0000-0000-000000000006', 321, 'More and more I celebrate how far I have already come.'),
  ('a1000000-0000-0000-0000-000000000007', 322, 'More and more I let go of the day''s noise with ease.'),
  ('a1000000-0000-0000-0000-000000000001', 323, 'Gently and surely I greet the day with a genuine smile.'),
  ('a1000000-0000-0000-0000-000000000002', 324, 'Gently and surely I make room for good fortune to arrive.'),
  ('a1000000-0000-0000-0000-000000000003', 325, 'Gently and surely I create work I am proud to put my name on.'),
  ('a1000000-0000-0000-0000-000000000004', 326, 'Gently and surely I listen to what my body gently asks for.'),
  ('a1000000-0000-0000-0000-000000000005', 327, 'Gently and surely I speak to those I love with patience and care.'),
  ('a1000000-0000-0000-0000-000000000006', 328, 'Gently and surely I celebrate how far I have already come.'),
  ('a1000000-0000-0000-0000-000000000007', 329, 'Gently and surely I let go of the day''s noise with ease.'),
  ('a1000000-0000-0000-0000-000000000001', 330, 'Day by day I greet the day with a genuine smile.'),
  ('a1000000-0000-0000-0000-000000000002', 331, 'Day by day I make room for good fortune to arrive.'),
  ('a1000000-0000-0000-0000-000000000003', 332, 'Day by day I create work I am proud to put my name on.'),
  ('a1000000-0000-0000-0000-000000000004', 333, 'Day by day I listen to what my body gently asks for.'),
  ('a1000000-0000-0000-0000-000000000005', 334, 'Day by day I speak to those I love with patience and care.'),
  ('a1000000-0000-0000-0000-000000000006', 335, 'Day by day I celebrate how far I have already come.'),
  ('a1000000-0000-0000-0000-000000000007', 336, 'Day by day I let go of the day''s noise with ease.'),
  ('a1000000-0000-0000-0000-000000000001', 337, 'I release what dims my joy and hold what brightens it.'),
  ('a1000000-0000-0000-0000-000000000002', 338, 'I give freely, knowing abundance returns to me.'),
  ('a1000000-0000-0000-0000-000000000003', 339, 'I move steadily toward the career I am building.'),
  ('a1000000-0000-0000-0000-000000000004', 340, 'I let healing and vitality flow through me.'),
  ('a1000000-0000-0000-0000-000000000005', 341, 'I am worthy of deep and lasting love.'),
  ('a1000000-0000-0000-0000-000000000006', 342, 'I am enough exactly as I am today.'),
  ('a1000000-0000-0000-0000-000000000007', 343, 'I rest in the knowing that all is well.'),
  ('a1000000-0000-0000-0000-000000000001', 344, 'Today I release what dims my joy and hold what brightens it.'),
  ('a1000000-0000-0000-0000-000000000002', 345, 'Today I give freely, knowing abundance returns to me.'),
  ('a1000000-0000-0000-0000-000000000003', 346, 'Today I move steadily toward the career I am building.'),
  ('a1000000-0000-0000-0000-000000000004', 347, 'Today I let healing and vitality flow through me.'),
  ('a1000000-0000-0000-0000-000000000005', 348, 'Today I am worthy of deep and lasting love.'),
  ('a1000000-0000-0000-0000-000000000006', 349, 'Today I am enough exactly as I am today.'),
  ('a1000000-0000-0000-0000-000000000007', 350, 'Today I rest in the knowing that all is well.'),
  ('a1000000-0000-0000-0000-000000000001', 351, 'Right now I release what dims my joy and hold what brightens it.'),
  ('a1000000-0000-0000-0000-000000000002', 352, 'Right now I give freely, knowing abundance returns to me.'),
  ('a1000000-0000-0000-0000-000000000003', 353, 'Right now I move steadily toward the career I am building.'),
  ('a1000000-0000-0000-0000-000000000004', 354, 'Right now I let healing and vitality flow through me.'),
  ('a1000000-0000-0000-0000-000000000005', 355, 'Right now I am worthy of deep and lasting love.'),
  ('a1000000-0000-0000-0000-000000000006', 356, 'Right now I am enough exactly as I am today.'),
  ('a1000000-0000-0000-0000-000000000007', 357, 'Right now I rest in the knowing that all is well.'),
  ('a1000000-0000-0000-0000-000000000001', 358, 'Each morning I release what dims my joy and hold what brightens it.'),
  ('a1000000-0000-0000-0000-000000000002', 359, 'Each morning I give freely, knowing abundance returns to me.'),
  ('a1000000-0000-0000-0000-000000000003', 360, 'Each morning I move steadily toward the career I am building.'),
  ('a1000000-0000-0000-0000-000000000004', 361, 'Each morning I let healing and vitality flow through me.'),
  ('a1000000-0000-0000-0000-000000000005', 362, 'Each morning I am worthy of deep and lasting love.'),
  ('a1000000-0000-0000-0000-000000000006', 363, 'Each morning I am enough exactly as I am today.'),
  ('a1000000-0000-0000-0000-000000000007', 364, 'Each morning I rest in the knowing that all is well.'),
  ('a1000000-0000-0000-0000-000000000001', 365, 'With an open heart I release what dims my joy and hold what brightens it.')
on conflict (day_number) do nothing;

insert into leads (email, source) values
  ('demo.user1@example.com', 'homepage'),
  ('demo.user2@example.com', 'homepage'),
  ('demo.user3@example.com', 'theme_page')
on conflict (email) do nothing;